{"stats":{"minecraft:custom":{"minecraft:time_since_rest":45773,"minecraft:damage_dealt":40,"minecraft:leave_game":6,"minecraft:sprint_one_cm":9339,"minecraft:play_time":45773,"minecraft:damage_taken":37,"minecraft:time_since_death":45773,"minecraft:walk_one_cm":2329,"minecraft:sneak_time":68,"minecraft:total_world_time":45773,"minecraft:mob_kills":1,"minecraft:drop":9,"minecraft:fall_one_cm":8038,"minecraft:fly_one_cm":277684,"minecraft:jump":106},"minecraft:dropped":{"minecraft:filled_map":8,"minecraft:dirt":15},"minecraft:picked_up":{"minecraft:filled_map":2,"minecraft:dirt":15}},"DataVersion":3700}